date,day_index,day_of_week,is_weekend,month,seasonal_weight,weekend_weight,growth_weight,daily_demand,daily_sales,stockout_units,incoming_stock,stock_level,holding_cost,stockout_penalty,total_cost
2024-01-01,0,0,False,1,0.8,1.0,1.0,88,88,0,0,1412.0,2824.0,0.0,2824.0
2024-01-02,1,1,False,1,0.8,1.0,1.0003,91,91,0,0,1321.0,2642.0,0.0,2642.0
2024-01-03,2,2,False,1,0.8,1.0,1.0005,87,87,0,0,1234.0,2468.0,0.0,2468.0
2024-01-04,3,3,False,1,0.8,1.0,1.0008,68,68,0,0,1166.0,2332.0,0.0,2332.0
2024-01-05,4,4,False,1,0.8,1.0,1.0011,77,77,0,0,1089.0,2178.0,0.0,2178.0
2024-01-06,5,5,True,1,0.801,1.4,1.0014,117,117,0,0,972.0,1944.0,0.0,1944.0
2024-01-07,6,6,True,1,0.801,1.4,1.0016,111,111,0,0,861.0,1722.0,0.0,1722.0
2024-01-08,7,0,False,1,0.801,1.0,1.0019,82,82,0,0,779.0,1558.0,0.0,1558.0
2024-01-09,8,1,False,1,0.802,1.0,1.0022,90,90,0,0,689.0,1378.0,0.0,1378.0
2024-01-10,9,2,False,1,0.802,1.0,1.0025,93,93,0,0,596.0,1192.0,0.0,1192.0
2024-01-11,10,3,False,1,0.803,1.0,1.0027,80,80,0,0,516.0,1032.0,0.0,1032.0
2024-01-12,11,4,False,1,0.804,1.0,1.003,86,86,0,0,430.0,860.0,0.0,860.0
2024-01-13,12,5,True,1,0.804,1.4,1.0033,107,107,0,0,323.0,646.0,0.0,646.0
2024-01-14,13,6,True,1,0.805,1.4,1.0036,102,102,0,0,221.0,442.0,0.0,442.0
2024-01-15,14,0,False,1,0.806,1.0,1.0038,73,73,0,1400,1548.0,3096.0,0.0,3096.0
2024-01-16,15,1,False,1,0.807,1.0,1.0041,79,79,0,1400,2869.0,5738.0,0.0,5738.0
2024-01-17,16,2,False,1,0.808,1.0,1.0044,87,87,0,0,2782.0,5564.0,0.0,5564.0
2024-01-18,17,3,False,1,0.809,1.0,1.0047,91,91,0,2800,5491.0,10982.0,0.0,10982.0
2024-01-19,18,4,False,1,0.81,1.0,1.0049,78,78,0,1400,6813.0,13626.0,0.0,13626.0
2024-01-20,19,5,True,1,0.811,1.4,1.0052,120,120,0,1400,8093.0,16186.0,0.0,16186.0
2024-01-21,20,6,True,1,0.812,1.4,1.0055,104,104,0,0,7989.0,15978.0,0.0,15978.0
2024-01-22,21,0,False,1,0.813,1.0,1.0058,90,90,0,0,7899.0,15798.0,0.0,15798.0
2024-01-23,22,1,False,1,0.814,1.0,1.006,87,87,0,0,7812.0,15624.0,0.0,15624.0
2024-01-24,23,2,False,1,0.815,1.0,1.0063,81,81,0,0,7731.0,15462.0,0.0,15462.0
2024-01-25,24,3,False,1,0.817,1.0,1.0066,71,71,0,0,7660.0,15320.0,0.0,15320.0
2024-01-26,25,4,False,1,0.818,1.0,1.0068,87,87,0,0,7573.0,15146.0,0.0,15146.0
2024-01-27,26,5,True,1,0.82,1.4,1.0071,118,118,0,0,7455.0,14910.0,0.0,14910.0
2024-01-28,27,6,True,1,0.821,1.4,1.0074,120,120,0,0,7335.0,14670.0,0.0,14670.0
2024-01-29,28,0,False,1,0.823,1.0,1.0077,84,84,0,0,7251.0,14502.0,0.0,14502.0
2024-01-30,29,1,False,1,0.824,1.0,1.0079,75,75,0,0,7176.0,14352.0,0.0,14352.0
2024-01-31,30,2,False,1,0.826,1.0,1.0082,94,94,0,0,7082.0,14164.0,0.0,14164.0
2024-02-01,31,3,False,2,0.828,1.0,1.0085,65,65,0,0,7017.0,14034.0,0.0,14034.0
2024-02-02,32,4,False,2,0.83,1.0,1.0088,78,78,0,0,6939.0,13878.0,0.0,13878.0
2024-02-03,33,5,True,2,0.831,1.4,1.009,119,119,0,0,6820.0,13640.0,0.0,13640.0
2024-02-04,34,6,True,2,0.833,1.4,1.0093,123,123,0,0,6697.0,13394.0,0.0,13394.0
2024-02-05,35,0,False,2,0.835,1.0,1.0096,94,94,0,0,6603.0,13206.0,0.0,13206.0
2024-02-06,36,1,False,2,0.837,1.0,1.0099,91,91,0,0,6512.0,13024.0,0.0,13024.0
2024-02-07,37,2,False,2,0.839,1.0,1.0101,74,74,0,0,6438.0,12876.0,0.0,12876.0
2024-02-08,38,3,False,2,0.841,1.0,1.0104,74,74,0,0,6364.0,12728.0,0.0,12728.0
2024-02-09,39,4,False,2,0.843,1.0,1.0107,84,84,0,0,6280.0,12560.0,0.0,12560.0
2024-02-10,40,5,True,2,0.846,1.4,1.011,113,113,0,0,6167.0,12334.0,0.0,12334.0
2024-02-11,41,6,True,2,0.848,1.4,1.0112,116,116,0,0,6051.0,12102.0,0.0,12102.0
2024-02-12,42,0,False,2,0.85,1.0,1.0115,101,101,0,0,5950.0,11900.0,0.0,11900.0
2024-02-13,43,1,False,2,0.852,1.0,1.0118,94,94,0,0,5856.0,11712.0,0.0,11712.0
2024-02-14,44,2,False,2,0.855,1.0,1.0121,85,85,0,0,5771.0,11542.0,0.0,11542.0
2024-02-15,45,3,False,2,0.857,1.0,1.0123,85,85,0,0,5686.0,11372.0,0.0,11372.0
2024-02-16,46,4,False,2,0.859,1.0,1.0126,81,81,0,0,5605.0,11210.0,0.0,11210.0
2024-02-17,47,5,True,2,0.862,1.4,1.0129,110,110,0,0,5495.0,10990.0,0.0,10990.0
2024-02-18,48,6,True,2,0.864,1.4,1.0132,131,131,0,0,5364.0,10728.0,0.0,10728.0
2024-02-19,49,0,False,2,0.867,1.0,1.0134,86,86,0,0,5278.0,10556.0,0.0,10556.0
2024-02-20,50,1,False,2,0.87,1.0,1.0137,90,90,0,0,5188.0,10376.0,0.0,10376.0
2024-02-21,51,2,False,2,0.872,1.0,1.014,73,73,0,0,5115.0,10230.0,0.0,10230.0
2024-02-22,52,3,False,2,0.875,1.0,1.0142,84,84,0,0,5031.0,10062.0,0.0,10062.0
2024-02-23,53,4,False,2,0.878,1.0,1.0145,75,75,0,0,4956.0,9912.0,0.0,9912.0
2024-02-24,54,5,True,2,0.88,1.4,1.0148,128,128,0,0,4828.0,9656.0,0.0,9656.0
2024-02-25,55,6,True,2,0.883,1.4,1.0151,128,128,0,0,4700.0,9400.0,0.0,9400.0
2024-02-26,56,0,False,2,0.886,1.0,1.0153,114,114,0,0,4586.0,9172.0,0.0,9172.0
2024-02-27,57,1,False,2,0.889,1.0,1.0156,99,99,0,0,4487.0,8974.0,0.0,8974.0
2024-02-28,58,2,False,2,0.892,1.0,1.0159,90,90,0,0,4397.0,8794.0,0.0,8794.0
2024-02-29,59,3,False,2,0.895,1.0,1.0162,110,110,0,0,4287.0,8574.0,0.0,8574.0
2024-03-01,60,4,False,3,0.898,1.0,1.0164,90,90,0,0,4197.0,8394.0,0.0,8394.0
2024-03-02,61,5,True,3,0.9,1.4,1.0167,122,122,0,0,4075.0,8150.0,0.0,8150.0
2024-03-03,62,6,True,3,0.903,1.4,1.017,127,127,0,0,3948.0,7896.0,0.0,7896.0
2024-03-04,63,0,False,3,0.907,1.0,1.0173,80,80,0,0,3868.0,7736.0,0.0,7736.0
2024-03-05,64,1,False,3,0.91,1.0,1.0175,79,79,0,0,3789.0,7578.0,0.0,7578.0
2024-03-06,65,2,False,3,0.913,1.0,1.0178,86,86,0,0,3703.0,7406.0,0.0,7406.0
2024-03-07,66,3,False,3,0.916,1.0,1.0181,100,100,0,0,3603.0,7206.0,0.0,7206.0
2024-03-08,67,4,False,3,0.919,1.0,1.0184,85,85,0,0,3518.0,7036.0,0.0,7036.0
2024-03-09,68,5,True,3,0.922,1.4,1.0186,133,133,0,0,3385.0,6770.0,0.0,6770.0
2024-03-10,69,6,True,3,0.925,1.4,1.0189,144,144,0,0,3241.0,6482.0,0.0,6482.0
2024-03-11,70,0,False,3,0.928,1.0,1.0192,88,88,0,0,3153.0,6306.0,0.0,6306.0
2024-03-12,71,1,False,3,0.932,1.0,1.0195,88,88,0,0,3065.0,6130.0,0.0,6130.0
2024-03-13,72,2,False,3,0.935,1.0,1.0197,84,84,0,0,2981.0,5962.0,0.0,5962.0
2024-03-14,73,3,False,3,0.938,1.0,1.02,110,110,0,0,2871.0,5742.0,0.0,5742.0
2024-03-15,74,4,False,3,0.941,1.0,1.0203,110,110,0,0,2761.0,5522.0,0.0,5522.0
2024-03-16,75,5,True,3,0.945,1.4,1.0205,136,136,0,0,2625.0,5250.0,0.0,5250.0
2024-03-17,76,6,True,3,0.948,1.4,1.0208,145,145,0,0,2480.0,4960.0,0.0,4960.0
2024-03-18,77,0,False,3,0.951,1.0,1.0211,93,93,0,0,2387.0,4774.0,0.0,4774.0
2024-03-19,78,1,False,3,0.955,1.0,1.0214,105,105,0,0,2282.0,4564.0,0.0,4564.0
2024-03-20,79,2,False,3,0.958,1.0,1.0216,117,117,0,0,2165.0,4330.0,0.0,4330.0
2024-03-21,80,3,False,3,0.962,1.0,1.0219,85,85,0,0,2080.0,4160.0,0.0,4160.0
2024-03-22,81,4,False,3,0.965,1.0,1.0222,87,87,0,0,1993.0,3986.0,0.0,3986.0
2024-03-23,82,5,True,3,0.968,1.4,1.0225,142,142,0,0,1851.0,3702.0,0.0,3702.0
2024-03-24,83,6,True,3,0.972,1.4,1.0227,128,128,0,0,1723.0,3446.0,0.0,3446.0
2024-03-25,84,0,False,3,0.975,1.0,1.023,100,100,0,0,1623.0,3246.0,0.0,3246.0
2024-03-26,85,1,False,3,0.979,1.0,1.0233,87,87,0,0,1536.0,3072.0,0.0,3072.0
2024-03-27,86,2,False,3,0.982,1.0,1.0236,87,87,0,0,1449.0,2898.0,0.0,2898.0
2024-03-28,87,3,False,3,0.985,1.0,1.0238,107,107,0,0,1342.0,2684.0,0.0,2684.0
2024-03-29,88,4,False,3,0.989,1.0,1.0241,91,91,0,0,1251.0,2502.0,0.0,2502.0
2024-03-30,89,5,True,3,0.992,1.4,1.0244,150,150,0,0,1101.0,2202.0,0.0,2202.0
2024-03-31,90,6,True,3,0.996,1.4,1.0247,127,127,0,0,974.0,1948.0,0.0,1948.0
2024-04-01,91,0,False,4,0.999,1.0,1.0249,121,121,0,0,853.0,1706.0,0.0,1706.0
2024-04-02,92,1,False,4,1.003,1.0,1.0252,97,97,0,0,756.0,1512.0,0.0,1512.0
2024-04-03,93,2,False,4,1.006,1.0,1.0255,97,97,0,0,659.0,1318.0,0.0,1318.0
2024-04-04,94,3,False,4,1.009,1.0,1.0258,105,105,0,0,554.0,1108.0,0.0,1108.0
2024-04-05,95,4,False,4,1.013,1.0,1.026,91,91,0,0,463.0,926.0,0.0,926.0
2024-04-06,96,5,True,4,1.016,1.4,1.0263,149,149,0,0,314.0,628.0,0.0,628.0
2024-04-07,97,6,True,4,1.02,1.4,1.0266,145,145,0,0,169.0,338.0,0.0,338.0
2024-04-08,98,0,False,4,1.023,1.0,1.0268,90,90,0,0,79.0,158.0,0.0,158.0
2024-04-09,99,1,False,4,1.027,1.0,1.0271,97,97,0,2800,2782.0,5564.0,0.0,5564.0
2024-04-10,100,2,False,4,1.03,1.0,1.0274,109,109,0,0,2673.0,5346.0,0.0,5346.0
2024-04-11,101,3,False,4,1.033,1.0,1.0277,109,109,0,0,2564.0,5128.0,0.0,5128.0
2024-04-12,102,4,False,4,1.037,1.0,1.0279,103,103,0,1400,3861.0,7722.0,0.0,7722.0
2024-04-13,103,5,True,4,1.04,1.4,1.0282,155,155,0,0,3706.0,7412.0,0.0,7412.0
2024-04-14,104,6,True,4,1.044,1.4,1.0285,149,149,0,2800,6357.0,12714.0,0.0,12714.0
2024-04-15,105,0,False,4,1.047,1.0,1.0288,99,99,0,1400,7658.0,15316.0,0.0,15316.0
2024-04-16,106,1,False,4,1.05,1.0,1.029,119,119,0,0,7539.0,15078.0,0.0,15078.0
2024-04-17,107,2,False,4,1.054,1.0,1.0293,89,89,0,0,7450.0,14900.0,0.0,14900.0
2024-04-18,108,3,False,4,1.057,1.0,1.0296,96,96,0,0,7354.0,14708.0,0.0,14708.0
2024-04-19,109,4,False,4,1.06,1.0,1.0299,103,103,0,0,7251.0,14502.0,0.0,14502.0
2024-04-20,110,5,True,4,1.063,1.4,1.0301,175,175,0,0,7076.0,14152.0,0.0,14152.0
2024-04-21,111,6,True,4,1.067,1.4,1.0304,146,146,0,0,6930.0,13860.0,0.0,13860.0
2024-04-22,112,0,False,4,1.07,1.0,1.0307,95,95,0,0,6835.0,13670.0,0.0,13670.0
2024-04-23,113,1,False,4,1.073,1.0,1.031,88,88,0,0,6747.0,13494.0,0.0,13494.0
2024-04-24,114,2,False,4,1.076,1.0,1.0312,88,88,0,0,6659.0,13318.0,0.0,13318.0
2024-04-25,115,3,False,4,1.08,1.0,1.0315,117,117,0,0,6542.0,13084.0,0.0,13084.0
2024-04-26,116,4,False,4,1.083,1.0,1.0318,106,106,0,0,6436.0,12872.0,0.0,12872.0
2024-04-27,117,5,True,4,1.086,1.4,1.0321,174,174,0,0,6262.0,12524.0,0.0,12524.0
2024-04-28,118,6,True,4,1.089,1.4,1.0323,127,127,0,0,6135.0,12270.0,0.0,12270.0
2024-04-29,119,0,False,4,1.092,1.0,1.0326,104,104,0,0,6031.0,12062.0,0.0,12062.0
2024-04-30,120,1,False,4,1.095,1.0,1.0329,115,115,0,0,5916.0,11832.0,0.0,11832.0
2024-05-01,121,2,False,5,1.098,1.0,1.0332,89,89,0,0,5827.0,11654.0,0.0,11654.0
2024-05-02,122,3,False,5,1.101,1.0,1.0334,114,114,0,0,5713.0,11426.0,0.0,11426.0
2024-05-03,123,4,False,5,1.104,1.0,1.0337,126,126,0,0,5587.0,11174.0,0.0,11174.0
2024-05-04,124,5,True,5,1.107,1.4,1.034,183,183,0,0,5404.0,10808.0,0.0,10808.0
2024-05-05,125,6,True,5,1.11,1.4,1.0342,172,172,0,0,5232.0,10464.0,0.0,10464.0
2024-05-06,126,0,False,5,1.113,1.0,1.0345,125,125,0,0,5107.0,10214.0,0.0,10214.0
2024-05-07,127,1,False,5,1.115,1.0,1.0348,116,116,0,0,4991.0,9982.0,0.0,9982.0
2024-05-08,128,2,False,5,1.118,1.0,1.0351,129,129,0,0,4862.0,9724.0,0.0,9724.0
2024-05-09,129,3,False,5,1.121,1.0,1.0353,112,112,0,0,4750.0,9500.0,0.0,9500.0
2024-05-10,130,4,False,5,1.124,1.0,1.0356,109,109,0,0,4641.0,9282.0,0.0,9282.0
2024-05-11,131,5,True,5,1.126,1.4,1.0359,162,162,0,0,4479.0,8958.0,0.0,8958.0
2024-05-12,132,6,True,5,1.129,1.4,1.0362,153,153,0,0,4326.0,8652.0,0.0,8652.0
2024-05-13,133,0,False,5,1.132,1.0,1.0364,113,113,0,0,4213.0,8426.0,0.0,8426.0
2024-05-14,134,1,False,5,1.134,1.0,1.0367,114,114,0,0,4099.0,8198.0,0.0,8198.0
2024-05-15,135,2,False,5,1.137,1.0,1.037,136,136,0,0,3963.0,7926.0,0.0,7926.0
2024-05-16,136,3,False,5,1.139,1.0,1.0373,113,113,0,0,3850.0,7700.0,0.0,7700.0
2024-05-17,137,4,False,5,1.142,1.0,1.0375,131,131,0,0,3719.0,7438.0,0.0,7438.0
2024-05-18,138,5,True,5,1.144,1.4,1.0378,179,179,0,0,3540.0,7080.0,0.0,7080.0
2024-05-19,139,6,True,5,1.146,1.4,1.0381,172,172,0,0,3368.0,6736.0,0.0,6736.0
2024-05-20,140,0,False,5,1.149,1.0,1.0384,127,127,0,0,3241.0,6482.0,0.0,6482.0
2024-05-21,141,1,False,5,1.151,1.0,1.0386,126,126,0,0,3115.0,6230.0,0.0,6230.0
2024-05-22,142,2,False,5,1.153,1.0,1.0389,106,106,0,0,3009.0,6018.0,0.0,6018.0
2024-05-23,143,3,False,5,1.156,1.0,1.0392,103,103,0,0,2906.0,5812.0,0.0,5812.0
2024-05-24,144,4,False,5,1.158,1.0,1.0395,131,131,0,0,2775.0,5550.0,0.0,5550.0
2024-05-25,145,5,True,5,1.16,1.4,1.0397,180,180,0,0,2595.0,5190.0,0.0,5190.0
2024-05-26,146,6,True,5,1.162,1.4,1.04,197,197,0,0,2398.0,4796.0,0.0,4796.0
2024-05-27,147,0,False,5,1.164,1.0,1.0403,124,124,0,0,2274.0,4548.0,0.0,4548.0
2024-05-28,148,1,False,5,1.166,1.0,1.0405,125,125,0,0,2149.0,4298.0,0.0,4298.0
2024-05-29,149,2,False,5,1.168,1.0,1.0408,124,124,0,0,2025.0,4050.0,0.0,4050.0
2024-05-30,150,3,False,5,1.17,1.0,1.0411,121,121,0,0,1904.0,3808.0,0.0,3808.0
2024-05-31,151,4,False,5,1.171,1.0,1.0414,131,131,0,0,1773.0,3546.0,0.0,3546.0
2024-06-01,152,5,True,6,1.173,1.4,1.0416,171,171,0,0,1602.0,3204.0,0.0,3204.0
2024-06-02,153,6,True,6,1.175,1.4,1.0419,196,196,0,0,1406.0,2812.0,0.0,2812.0
2024-06-03,154,0,False,6,1.176,1.0,1.0422,107,107,0,0,1299.0,2598.0,0.0,2598.0
2024-06-04,155,1,False,6,1.178,1.0,1.0425,128,128,0,0,1171.0,2342.0,0.0,2342.0
2024-06-05,156,2,False,6,1.18,1.0,1.0427,133,133,0,0,1038.0,2076.0,0.0,2076.0
2024-06-06,157,3,False,6,1.181,1.0,1.043,118,118,0,0,920.0,1840.0,0.0,1840.0
2024-06-07,158,4,False,6,1.182,1.0,1.0433,132,132,0,0,788.0,1576.0,0.0,1576.0
2024-06-08,159,5,True,6,1.184,1.4,1.0436,168,168,0,0,620.0,1240.0,0.0,1240.0
2024-06-09,160,6,True,6,1.185,1.4,1.0438,171,171,0,0,449.0,898.0,0.0,898.0
2024-06-10,161,0,False,6,1.186,1.0,1.0441,125,125,0,0,324.0,648.0,0.0,648.0
2024-06-11,162,1,False,6,1.188,1.0,1.0444,123,123,0,0,201.0,402.0,0.0,402.0
2024-06-12,163,2,False,6,1.189,1.0,1.0447,109,109,0,0,92.0,184.0,0.0,184.0
2024-06-13,164,3,False,6,1.19,1.0,1.0449,109,92,17,0,0.0,0.0,255.0,255.0
2024-06-14,165,4,False,6,1.191,1.0,1.0452,136,136,0,1400,1264.0,2528.0,0.0,2528.0
2024-06-15,166,5,True,6,1.192,1.4,1.0455,173,173,0,0,1091.0,2182.0,0.0,2182.0
2024-06-16,167,6,True,6,1.193,1.4,1.0458,167,167,0,0,924.0,1848.0,0.0,1848.0
2024-06-17,168,0,False,6,1.194,1.0,1.046,135,135,0,1400,2189.0,4378.0,0.0,4378.0
2024-06-18,169,1,False,6,1.195,1.0,1.0463,118,118,0,2800,4871.0,9742.0,0.0,9742.0
2024-06-19,170,2,False,6,1.195,1.0,1.0466,131,131,0,2800,7540.0,15080.0,0.0,15080.0
2024-06-20,171,3,False,6,1.196,1.0,1.0468,107,107,0,0,7433.0,14866.0,0.0,14866.0
2024-06-21,172,4,False,6,1.197,1.0,1.0471,111,111,0,0,7322.0,14644.0,0.0,14644.0
2024-06-22,173,5,True,6,1.197,1.4,1.0474,163,163,0,0,7159.0,14318.0,0.0,14318.0
2024-06-23,174,6,True,6,1.198,1.4,1.0477,182,182,0,0,6977.0,13954.0,0.0,13954.0
2024-06-24,175,0,False,6,1.198,1.0,1.0479,129,129,0,0,6848.0,13696.0,0.0,13696.0
2024-06-25,176,1,False,6,1.199,1.0,1.0482,116,116,0,0,6732.0,13464.0,0.0,13464.0
2024-06-26,177,2,False,6,1.199,1.0,1.0485,146,146,0,0,6586.0,13172.0,0.0,13172.0
2024-06-27,178,3,False,6,1.199,1.0,1.0488,132,132,0,0,6454.0,12908.0,0.0,12908.0
2024-06-28,179,4,False,6,1.2,1.0,1.049,97,97,0,0,6357.0,12714.0,0.0,12714.0
2024-06-29,180,5,True,6,1.2,1.4,1.0493,158,158,0,0,6199.0,12398.0,0.0,12398.0
2024-06-30,181,6,True,6,1.2,1.4,1.0496,186,186,0,0,6013.0,12026.0,0.0,12026.0
2024-07-01,182,0,False,7,1.2,1.0,1.0499,139,139,0,0,5874.0,11748.0,0.0,11748.0
2024-07-02,183,1,False,7,1.2,1.0,1.0501,134,134,0,0,5740.0,11480.0,0.0,11480.0
2024-07-03,184,2,False,7,1.2,1.0,1.0504,118,118,0,0,5622.0,11244.0,0.0,11244.0
2024-07-04,185,3,False,7,1.2,1.0,1.0507,102,102,0,0,5520.0,11040.0,0.0,11040.0
2024-07-05,186,4,False,7,1.2,1.0,1.051,133,133,0,0,5387.0,10774.0,0.0,10774.0
2024-07-06,187,5,True,7,1.199,1.4,1.0512,155,155,0,0,5232.0,10464.0,0.0,10464.0
2024-07-07,188,6,True,7,1.199,1.4,1.0515,188,188,0,0,5044.0,10088.0,0.0,10088.0
2024-07-08,189,0,False,7,1.199,1.0,1.0518,128,128,0,0,4916.0,9832.0,0.0,9832.0
2024-07-09,190,1,False,7,1.198,1.0,1.0521,150,150,0,0,4766.0,9532.0,0.0,9532.0
2024-07-10,191,2,False,7,1.198,1.0,1.0523,129,129,0,0,4637.0,9274.0,0.0,9274.0
2024-07-11,192,3,False,7,1.197,1.0,1.0526,112,112,0,0,4525.0,9050.0,0.0,9050.0
2024-07-12,193,4,False,7,1.197,1.0,1.0529,123,123,0,0,4402.0,8804.0,0.0,8804.0
2024-07-13,194,5,True,7,1.196,1.4,1.0532,158,158,0,0,4244.0,8488.0,0.0,8488.0
2024-07-14,195,6,True,7,1.195,1.4,1.0534,167,167,0,0,4077.0,8154.0,0.0,8154.0
2024-07-15,196,0,False,7,1.195,1.0,1.0537,124,124,0,0,3953.0,7906.0,0.0,7906.0
2024-07-16,197,1,False,7,1.194,1.0,1.054,130,130,0,0,3823.0,7646.0,0.0,7646.0
2024-07-17,198,2,False,7,1.193,1.0,1.0542,123,123,0,0,3700.0,7400.0,0.0,7400.0
2024-07-18,199,3,False,7,1.192,1.0,1.0545,129,129,0,0,3571.0,7142.0,0.0,7142.0
2024-07-19,200,4,False,7,1.191,1.0,1.0548,125,125,0,0,3446.0,6892.0,0.0,6892.0
2024-07-20,201,5,True,7,1.19,1.4,1.0551,178,178,0,0,3268.0,6536.0,0.0,6536.0
2024-07-21,202,6,True,7,1.189,1.4,1.0553,184,184,0,0,3084.0,6168.0,0.0,6168.0
2024-07-22,203,0,False,7,1.188,1.0,1.0556,130,130,0,0,2954.0,5908.0,0.0,5908.0
2024-07-23,204,1,False,7,1.186,1.0,1.0559,135,135,0,0,2819.0,5638.0,0.0,5638.0
2024-07-24,205,2,False,7,1.185,1.0,1.0562,123,123,0,0,2696.0,5392.0,0.0,5392.0
2024-07-25,206,3,False,7,1.184,1.0,1.0564,120,120,0,0,2576.0,5152.0,0.0,5152.0
2024-07-26,207,4,False,7,1.182,1.0,1.0567,133,133,0,0,2443.0,4886.0,0.0,4886.0
2024-07-27,208,5,True,7,1.181,1.4,1.057,198,198,0,0,2245.0,4490.0,0.0,4490.0
2024-07-28,209,6,True,7,1.18,1.4,1.0573,175,175,0,0,2070.0,4140.0,0.0,4140.0
2024-07-29,210,0,False,7,1.178,1.0,1.0575,118,118,0,0,1952.0,3904.0,0.0,3904.0
2024-07-30,211,1,False,7,1.176,1.0,1.0578,124,124,0,0,1828.0,3656.0,0.0,3656.0
2024-07-31,212,2,False,7,1.175,1.0,1.0581,104,104,0,0,1724.0,3448.0,0.0,3448.0
2024-08-01,213,3,False,8,1.173,1.0,1.0584,101,101,0,0,1623.0,3246.0,0.0,3246.0
2024-08-02,214,4,False,8,1.171,1.0,1.0586,118,118,0,0,1505.0,3010.0,0.0,3010.0
2024-08-03,215,5,True,8,1.17,1.4,1.0589,166,166,0,0,1339.0,2678.0,0.0,2678.0
2024-08-04,216,6,True,8,1.168,1.4,1.0592,189,189,0,0,1150.0,2300.0,0.0,2300.0
2024-08-05,217,0,False,8,1.166,1.0,1.0595,110,110,0,0,1040.0,2080.0,0.0,2080.0
2024-08-06,218,1,False,8,1.164,1.0,1.0597,108,108,0,0,932.0,1864.0,0.0,1864.0
2024-08-07,219,2,False,8,1.162,1.0,1.06,133,133,0,0,799.0,1598.0,0.0,1598.0
2024-08-08,220,3,False,8,1.16,1.0,1.0603,129,129,0,0,670.0,1340.0,0.0,1340.0
2024-08-09,221,4,False,8,1.158,1.0,1.0605,127,127,0,0,543.0,1086.0,0.0,1086.0
2024-08-10,222,5,True,8,1.156,1.4,1.0608,173,173,0,0,370.0,740.0,0.0,740.0
2024-08-11,223,6,True,8,1.153,1.4,1.0611,173,173,0,0,197.0,394.0,0.0,394.0
2024-08-12,224,0,False,8,1.151,1.0,1.0614,108,108,0,0,89.0,178.0,0.0,178.0
2024-08-13,225,1,False,8,1.149,1.0,1.0616,103,89,14,0,0.0,0.0,210.0,210.0
2024-08-14,226,2,False,8,1.146,1.0,1.0619,121,121,0,1400,1279.0,2558.0,0.0,2558.0
2024-08-15,227,3,False,8,1.144,1.0,1.0622,95,95,0,1400,2584.0,5168.0,0.0,5168.0
2024-08-16,228,4,False,8,1.142,1.0,1.0625,114,114,0,0,2470.0,4940.0,0.0,4940.0
2024-08-17,229,5,True,8,1.139,1.4,1.0627,173,173,0,1400,3697.0,7394.0,0.0,7394.0
2024-08-18,230,6,True,8,1.137,1.4,1.063,147,147,0,1400,4950.0,9900.0,0.0,9900.0
2024-08-19,231,0,False,8,1.134,1.0,1.0633,133,133,0,0,4817.0,9634.0,0.0,9634.0
2024-08-20,232,1,False,8,1.132,1.0,1.0636,125,125,0,2800,7492.0,14984.0,0.0,14984.0
2024-08-21,233,2,False,8,1.129,1.0,1.0638,129,129,0,0,7363.0,14726.0,0.0,14726.0
2024-08-22,234,3,False,8,1.126,1.0,1.0641,115,115,0,0,7248.0,14496.0,0.0,14496.0
2024-08-23,235,4,False,8,1.124,1.0,1.0644,114,114,0,0,7134.0,14268.0,0.0,14268.0
2024-08-24,236,5,True,8,1.121,1.4,1.0647,166,166,0,0,6968.0,13936.0,0.0,13936.0
2024-08-25,237,6,True,8,1.118,1.4,1.0649,182,182,0,0,6786.0,13572.0,0.0,13572.0
2024-08-26,238,0,False,8,1.115,1.0,1.0652,136,136,0,0,6650.0,13300.0,0.0,13300.0
2024-08-27,239,1,False,8,1.113,1.0,1.0655,132,132,0,0,6518.0,13036.0,0.0,13036.0
2024-08-28,240,2,False,8,1.11,1.0,1.0658,118,118,0,0,6400.0,12800.0,0.0,12800.0
2024-08-29,241,3,False,8,1.107,1.0,1.066,102,102,0,0,6298.0,12596.0,0.0,12596.0
2024-08-30,242,4,False,8,1.104,1.0,1.0663,136,136,0,0,6162.0,12324.0,0.0,12324.0
2024-08-31,243,5,True,8,1.101,1.4,1.0666,151,151,0,0,6011.0,12022.0,0.0,12022.0
2024-09-01,244,6,True,9,1.098,1.4,1.0668,151,151,0,0,5860.0,11720.0,0.0,11720.0
2024-09-02,245,0,False,9,1.095,1.0,1.0671,136,136,0,0,5724.0,11448.0,0.0,11448.0
2024-09-03,246,1,False,9,1.092,1.0,1.0674,110,110,0,0,5614.0,11228.0,0.0,11228.0
2024-09-04,247,2,False,9,1.089,1.0,1.0677,123,123,0,0,5491.0,10982.0,0.0,10982.0
2024-09-05,248,3,False,9,1.086,1.0,1.0679,115,115,0,0,5376.0,10752.0,0.0,10752.0
2024-09-06,249,4,False,9,1.083,1.0,1.0682,132,132,0,0,5244.0,10488.0,0.0,10488.0
2024-09-07,250,5,True,9,1.08,1.4,1.0685,178,178,0,0,5066.0,10132.0,0.0,10132.0
2024-09-08,251,6,True,9,1.076,1.4,1.0688,170,170,0,0,4896.0,9792.0,0.0,9792.0
2024-09-09,252,0,False,9,1.073,1.0,1.069,116,116,0,0,4780.0,9560.0,0.0,9560.0
2024-09-10,253,1,False,9,1.07,1.0,1.0693,107,107,0,0,4673.0,9346.0,0.0,9346.0
2024-09-11,254,2,False,9,1.067,1.0,1.0696,122,122,0,0,4551.0,9102.0,0.0,9102.0
2024-09-12,255,3,False,9,1.063,1.0,1.0699,99,99,0,0,4452.0,8904.0,0.0,8904.0
2024-09-13,256,4,False,9,1.06,1.0,1.0701,123,123,0,0,4329.0,8658.0,0.0,8658.0
2024-09-14,257,5,True,9,1.057,1.4,1.0704,170,170,0,0,4159.0,8318.0,0.0,8318.0
2024-09-15,258,6,True,9,1.054,1.4,1.0707,160,160,0,0,3999.0,7998.0,0.0,7998.0
2024-09-16,259,0,False,9,1.05,1.0,1.071,131,131,0,0,3868.0,7736.0,0.0,7736.0
2024-09-17,260,1,False,9,1.047,1.0,1.0712,88,88,0,0,3780.0,7560.0,0.0,7560.0
2024-09-18,261,2,False,9,1.044,1.0,1.0715,117,117,0,0,3663.0,7326.0,0.0,7326.0
2024-09-19,262,3,False,9,1.04,1.0,1.0718,120,120,0,0,3543.0,7086.0,0.0,7086.0
2024-09-20,263,4,False,9,1.037,1.0,1.0721,119,119,0,0,3424.0,6848.0,0.0,6848.0
2024-09-21,264,5,True,9,1.033,1.4,1.0723,127,127,0,0,3297.0,6594.0,0.0,6594.0
2024-09-22,265,6,True,9,1.03,1.4,1.0726,159,159,0,0,3138.0,6276.0,0.0,6276.0
2024-09-23,266,0,False,9,1.027,1.0,1.0729,116,116,0,0,3022.0,6044.0,0.0,6044.0
2024-09-24,267,1,False,9,1.023,1.0,1.0732,107,107,0,0,2915.0,5830.0,0.0,5830.0
2024-09-25,268,2,False,9,1.02,1.0,1.0734,115,115,0,0,2800.0,5600.0,0.0,5600.0
2024-09-26,269,3,False,9,1.016,1.0,1.0737,122,122,0,0,2678.0,5356.0,0.0,5356.0
2024-09-27,270,4,False,9,1.013,1.0,1.074,121,121,0,0,2557.0,5114.0,0.0,5114.0
2024-09-28,271,5,True,9,1.009,1.4,1.0742,155,155,0,0,2402.0,4804.0,0.0,4804.0
2024-09-29,272,6,True,9,1.006,1.4,1.0745,143,143,0,0,2259.0,4518.0,0.0,4518.0
2024-09-30,273,0,False,9,1.003,1.0,1.0748,97,97,0,0,2162.0,4324.0,0.0,4324.0
2024-10-01,274,1,False,10,0.999,1.0,1.0751,102,102,0,0,2060.0,4120.0,0.0,4120.0
2024-10-02,275,2,False,10,0.996,1.0,1.0753,101,101,0,0,1959.0,3918.0,0.0,3918.0
2024-10-03,276,3,False,10,0.992,1.0,1.0756,94,94,0,0,1865.0,3730.0,0.0,3730.0
2024-10-04,277,4,False,10,0.989,1.0,1.0759,109,109,0,0,1756.0,3512.0,0.0,3512.0
2024-10-05,278,5,True,10,0.985,1.4,1.0762,169,169,0,0,1587.0,3174.0,0.0,3174.0
2024-10-06,279,6,True,10,0.982,1.4,1.0764,132,132,0,0,1455.0,2910.0,0.0,2910.0
2024-10-07,280,0,False,10,0.979,1.0,1.0767,86,86,0,0,1369.0,2738.0,0.0,2738.0
2024-10-08,281,1,False,10,0.975,1.0,1.077,109,109,0,0,1260.0,2520.0,0.0,2520.0
2024-10-09,282,2,False,10,0.972,1.0,1.0773,102,102,0,0,1158.0,2316.0,0.0,2316.0
2024-10-10,283,3,False,10,0.968,1.0,1.0775,112,112,0,0,1046.0,2092.0,0.0,2092.0
2024-10-11,284,4,False,10,0.965,1.0,1.0778,97,97,0,0,949.0,1898.0,0.0,1898.0
2024-10-12,285,5,True,10,0.962,1.4,1.0781,135,135,0,0,814.0,1628.0,0.0,1628.0
2024-10-13,286,6,True,10,0.958,1.4,1.0784,164,164,0,0,650.0,1300.0,0.0,1300.0
2024-10-14,287,0,False,10,0.955,1.0,1.0786,106,106,0,0,544.0,1088.0,0.0,1088.0
2024-10-15,288,1,False,10,0.951,1.0,1.0789,94,94,0,0,450.0,900.0,0.0,900.0
2024-10-16,289,2,False,10,0.948,1.0,1.0792,116,116,0,1400,1734.0,3468.0,0.0,3468.0
2024-10-17,290,3,False,10,0.945,1.0,1.0795,104,104,0,0,1630.0,3260.0,0.0,3260.0
2024-10-18,291,4,False,10,0.941,1.0,1.0797,111,111,0,0,1519.0,3038.0,0.0,3038.0
2024-10-19,292,5,True,10,0.938,1.4,1.08,148,148,0,1400,2771.0,5542.0,0.0,5542.0
2024-10-20,293,6,True,10,0.935,1.4,1.0803,160,160,0,0,2611.0,5222.0,0.0,5222.0
2024-10-21,294,0,False,10,0.932,1.0,1.0805,90,90,0,0,2521.0,5042.0,0.0,5042.0
2024-10-22,295,1,False,10,0.928,1.0,1.0808,85,85,0,1400,3836.0,7672.0,0.0,7672.0
2024-10-23,296,2,False,10,0.925,1.0,1.0811,124,124,0,0,3712.0,7424.0,0.0,7424.0
2024-10-24,297,3,False,10,0.922,1.0,1.0814,98,98,0,0,3614.0,7228.0,0.0,7228.0
2024-10-25,298,4,False,10,0.919,1.0,1.0816,125,125,0,0,3489.0,6978.0,0.0,6978.0
2024-10-26,299,5,True,10,0.916,1.4,1.0819,109,109,0,0,3380.0,6760.0,0.0,6760.0
2024-10-27,300,6,True,10,0.913,1.4,1.0822,116,116,0,0,3264.0,6528.0,0.0,6528.0
2024-10-28,301,0,False,10,0.91,1.0,1.0825,99,99,0,0,3165.0,6330.0,0.0,6330.0
2024-10-29,302,1,False,10,0.907,1.0,1.0827,76,76,0,0,3089.0,6178.0,0.0,6178.0
2024-10-30,303,2,False,10,0.903,1.0,1.083,94,94,0,0,2995.0,5990.0,0.0,5990.0
2024-10-31,304,3,False,10,0.9,1.0,1.0833,103,103,0,0,2892.0,5784.0,0.0,5784.0
2024-11-01,305,4,False,11,0.898,1.0,1.0836,91,91,0,0,2801.0,5602.0,0.0,5602.0
2024-11-02,306,5,True,11,0.895,1.4,1.0838,133,133,0,0,2668.0,5336.0,0.0,5336.0
2024-11-03,307,6,True,11,0.892,1.4,1.0841,119,119,0,0,2549.0,5098.0,0.0,5098.0
2024-11-04,308,0,False,11,0.889,1.0,1.0844,96,96,0,0,2453.0,4906.0,0.0,4906.0
2024-11-05,309,1,False,11,0.886,1.0,1.0847,94,94,0,0,2359.0,4718.0,0.0,4718.0
2024-11-06,310,2,False,11,0.883,1.0,1.0849,107,107,0,0,2252.0,4504.0,0.0,4504.0
2024-11-07,311,3,False,11,0.88,1.0,1.0852,90,90,0,0,2162.0,4324.0,0.0,4324.0
2024-11-08,312,4,False,11,0.878,1.0,1.0855,95,95,0,0,2067.0,4134.0,0.0,4134.0
2024-11-09,313,5,True,11,0.875,1.4,1.0858,123,123,0,0,1944.0,3888.0,0.0,3888.0
2024-11-10,314,6,True,11,0.872,1.4,1.086,154,154,0,0,1790.0,3580.0,0.0,3580.0
2024-11-11,315,0,False,11,0.87,1.0,1.0863,93,93,0,0,1697.0,3394.0,0.0,3394.0
2024-11-12,316,1,False,11,0.867,1.0,1.0866,83,83,0,0,1614.0,3228.0,0.0,3228.0
2024-11-13,317,2,False,11,0.864,1.0,1.0868,82,82,0,0,1532.0,3064.0,0.0,3064.0
2024-11-14,318,3,False,11,0.862,1.0,1.0871,65,65,0,0,1467.0,2934.0,0.0,2934.0
2024-11-15,319,4,False,11,0.859,1.0,1.0874,97,97,0,0,1370.0,2740.0,0.0,2740.0
2024-11-16,320,5,True,11,0.857,1.4,1.0877,133,133,0,0,1237.0,2474.0,0.0,2474.0
2024-11-17,321,6,True,11,0.855,1.4,1.0879,144,144,0,0,1093.0,2186.0,0.0,2186.0
2024-11-18,322,0,False,11,0.852,1.0,1.0882,104,104,0,0,989.0,1978.0,0.0,1978.0
2024-11-19,323,1,False,11,0.85,1.0,1.0885,82,82,0,0,907.0,1814.0,0.0,1814.0
2024-11-20,324,2,False,11,0.848,1.0,1.0888,104,104,0,0,803.0,1606.0,0.0,1606.0
2024-11-21,325,3,False,11,0.846,1.0,1.089,108,108,0,0,695.0,1390.0,0.0,1390.0
2024-11-22,326,4,False,11,0.843,1.0,1.0893,102,102,0,0,593.0,1186.0,0.0,1186.0
2024-11-23,327,5,True,11,0.841,1.4,1.0896,132,132,0,0,461.0,922.0,0.0,922.0
2024-11-24,328,6,True,11,0.839,1.4,1.0899,122,122,0,0,339.0,678.0,0.0,678.0
2024-11-25,329,0,False,11,0.837,1.0,1.0901,87,87,0,0,252.0,504.0,0.0,504.0
2024-11-26,330,1,False,11,0.835,1.0,1.0904,98,98,0,0,154.0,308.0,0.0,308.0
2024-11-27,331,2,False,11,0.833,1.0,1.0907,86,86,0,0,68.0,136.0,0.0,136.0
2024-11-28,332,3,False,11,0.831,1.0,1.091,78,68,10,0,0.0,0.0,150.0,150.0
2024-11-29,333,4,False,11,0.83,1.0,1.0912,80,80,0,1400,1320.0,2640.0,0.0,2640.0
2024-11-30,334,5,True,11,0.828,1.4,1.0915,129,129,0,1400,2591.0,5182.0,0.0,5182.0
2024-12-01,335,6,True,12,0.826,1.4,1.0918,143,143,0,4200,6648.0,13296.0,0.0,13296.0
2024-12-02,336,0,False,12,0.824,1.0,1.0921,91,91,0,0,6557.0,13114.0,0.0,13114.0
2024-12-03,337,1,False,12,0.823,1.0,1.0923,83,83,0,1400,7874.0,15748.0,0.0,15748.0
2024-12-04,338,2,False,12,0.821,1.0,1.0926,92,92,0,0,7782.0,15564.0,0.0,15564.0
2024-12-05,339,3,False,12,0.82,1.0,1.0929,94,94,0,1400,9088.0,18176.0,0.0,18176.0
2024-12-06,340,4,False,12,0.818,1.0,1.0932,81,81,0,1400,10407.0,20814.0,0.0,20814.0
2024-12-07,341,5,True,12,0.817,1.4,1.0934,116,116,0,0,10291.0,20582.0,0.0,20582.0
2024-12-08,342,6,True,12,0.815,1.4,1.0937,126,126,0,0,10165.0,20330.0,0.0,20330.0
2024-12-09,343,0,False,12,0.814,1.0,1.094,94,94,0,0,10071.0,20142.0,0.0,20142.0
2024-12-10,344,1,False,12,0.813,1.0,1.0942,91,91,0,0,9980.0,19960.0,0.0,19960.0
2024-12-11,345,2,False,12,0.812,1.0,1.0945,89,89,0,0,9891.0,19782.0,0.0,19782.0
2024-12-12,346,3,False,12,0.811,1.0,1.0948,98,98,0,0,9793.0,19586.0,0.0,19586.0
2024-12-13,347,4,False,12,0.81,1.0,1.0951,86,86,0,0,9707.0,19414.0,0.0,19414.0
2024-12-14,348,5,True,12,0.809,1.4,1.0953,140,140,0,0,9567.0,19134.0,0.0,19134.0
2024-12-15,349,6,True,12,0.808,1.4,1.0956,130,130,0,0,9437.0,18874.0,0.0,18874.0
2024-12-16,350,0,False,12,0.807,1.0,1.0959,113,113,0,0,9324.0,18648.0,0.0,18648.0
2024-12-17,351,1,False,12,0.806,1.0,1.0962,79,79,0,0,9245.0,18490.0,0.0,18490.0
2024-12-18,352,2,False,12,0.805,1.0,1.0964,104,104,0,0,9141.0,18282.0,0.0,18282.0
2024-12-19,353,3,False,12,0.804,1.0,1.0967,87,87,0,0,9054.0,18108.0,0.0,18108.0
2024-12-20,354,4,False,12,0.804,1.0,1.097,101,101,0,0,8953.0,17906.0,0.0,17906.0
2024-12-21,355,5,True,12,0.803,1.4,1.0973,124,124,0,0,8829.0,17658.0,0.0,17658.0
2024-12-22,356,6,True,12,0.802,1.4,1.0975,131,131,0,0,8698.0,17396.0,0.0,17396.0
2024-12-23,357,0,False,12,0.802,1.0,1.0978,90,90,0,0,8608.0,17216.0,0.0,17216.0
2024-12-24,358,1,False,12,0.801,1.0,1.0981,97,97,0,0,8511.0,17022.0,0.0,17022.0
2024-12-25,359,2,False,12,0.801,1.0,1.0984,79,79,0,0,8432.0,16864.0,0.0,16864.0
2024-12-26,360,3,False,12,0.801,1.0,1.0986,85,85,0,0,8347.0,16694.0,0.0,16694.0
2024-12-27,361,4,False,12,0.8,1.0,1.0989,101,101,0,0,8246.0,16492.0,0.0,16492.0
2024-12-28,362,5,True,12,0.8,1.4,1.0992,117,117,0,0,8129.0,16258.0,0.0,16258.0
2024-12-29,363,6,True,12,0.8,1.4,1.0995,126,126,0,0,8003.0,16006.0,0.0,16006.0
2024-12-30,364,0,False,12,0.8,1.0,1.0997,91,91,0,0,7912.0,15824.0,0.0,15824.0
